{
  "info": {
    "name": "User Management System API",
    "description": "Complete API Collection for User Management System",
    "schema": "https://schema.getpostman.com/json/collection/v2.1.0/collection.json"
  },
  "item": [
    {
      "name": "Authentication",
      "item": [
        {
          "name": "Register User",
          "request": {
            "method": "POST",
            "header": [
              {
                "key": "Content-Type",
                "value": "application/json"
              }
            ],
            "body": {
              "mode": "raw",
              "raw": "{\n  \"name\": \"John Doe\",\n  \"email\": \"john@example.com\",\n  \"phone\": \"9876543210\",\n  \"password\": \"password123\",\n  \"address\": \"123 Main Street\",\n  \"state\": \"California\",\n  \"city\": \"Los Angeles\",\n  \"country\": \"USA\",\n  \"pincode\": \"90001\"\n}"
            },
            "url": {
              "raw": "http://localhost:8080/api/auth/register",
              "protocol": "http",
              "host": ["localhost"],
              "port": "8080",
              "path": ["api", "auth", "register"]
            }
          },
          "response": []
        },
        {
          "name": "Login User",
          "request": {
            "method": "POST",
            "header": [
              {
                "key": "Content-Type",
                "value": "application/json"
              }
            ],
            "body": {
              "mode": "raw",
              "raw": "{\n  \"email\": \"admin@test.com\",\n  \"password\": \"password123\"\n}"
            },
            "url": {
              "raw": "http://localhost:8080/api/auth/login",
              "protocol": "http",
              "host": ["localhost"],
              "port": "8080",
              "path": ["api", "auth", "login"]
            }
          },
          "response": []
        },
        {
          "name": "Refresh Token",
          "request": {
            "method": "POST",
            "header": [
              {
                "key": "Content-Type",
                "value": "application/json"
              }
            ],
            "body": {
              "mode": "raw",
              "raw": "{\n  \"refreshToken\": \"YOUR_REFRESH_TOKEN_HERE\"\n}"
            },
            "url": {
              "raw": "http://localhost:8080/api/auth/refresh",
              "protocol": "http",
              "host": ["localhost"],
              "port": "8080",
              "path": ["api", "auth", "refresh"]
            }
          },
          "response": []
        }
      ]
    },
    {
      "name": "Users",
      "item": [
        {
          "name": "Get All Users (Admin)",
          "request": {
            "method": "GET",
            "header": [
              {
                "key": "Content-Type",
                "value": "application/json"
              },
              {
                "key": "Authorization",
                "value": "Bearer YOUR_ACCESS_TOKEN_HERE"
              }
            ],
            "url": {
              "raw": "http://localhost:8080/api/users",
              "protocol": "http",
              "host": ["localhost"],
              "port": "8080",
              "path": ["api", "users"]
            }
          },
          "response": []
        },
        {
          "name": "Get User by ID",
          "request": {
            "method": "GET",
            "header": [
              {
                "key": "Content-Type",
                "value": "application/json"
              },
              {
                "key": "Authorization",
                "value": "Bearer YOUR_ACCESS_TOKEN_HERE"
              }
            ],
            "url": {
              "raw": "http://localhost:8080/api/users/1",
              "protocol": "http",
              "host": ["localhost"],
              "port": "8080",
              "path": ["api", "users", "1"]
            }
          },
          "response": []
        },
        {
          "name": "Search Users (Admin)",
          "request": {
            "method": "GET",
            "header": [
              {
                "key": "Content-Type",
                "value": "application/json"
              },
              {
                "key": "Authorization",
                "value": "Bearer YOUR_ACCESS_TOKEN_HERE"
              }
            ],
            "url": {
              "raw": "http://localhost:8080/api/users/search?keyword=john",
              "protocol": "http",
              "host": ["localhost"],
              "port": "8080",
              "path": ["api", "users", "search"],
              "query": [
                {
                  "key": "keyword",
                  "value": "john"
                }
              ]
            }
          },
          "response": []
        },
        {
          "name": "Update User",
          "request": {
            "method": "PUT",
            "header": [
              {
                "key": "Content-Type",
                "value": "application/json"
              },
              {
                "key": "Authorization",
                "value": "Bearer YOUR_ACCESS_TOKEN_HERE"
              }
            ],
            "body": {
              "mode": "raw",
              "raw": "{\n  \"name\": \"John Updated\",\n  \"phone\": \"9876543210\",\n  \"address\": \"456 Oak Avenue\",\n  \"state\": \"California\",\n  \"city\": \"San Francisco\",\n  \"country\": \"USA\",\n  \"pincode\": \"94105\"\n}"
            },
            "url": {
              "raw": "http://localhost:8080/api/users/1",
              "protocol": "http",
              "host": ["localhost"],
              "port": "8080",
              "path": ["api", "users", "1"]
            }
          },
          "response": []
        },
        {
          "name": "Delete User (Admin)",
          "request": {
            "method": "DELETE",
            "header": [
              {
                "key": "Content-Type",
                "value": "application/json"
              },
              {
                "key": "Authorization",
                "value": "Bearer YOUR_ACCESS_TOKEN_HERE"
              }
            ],
            "url": {
              "raw": "http://localhost:8080/api/users/1",
              "protocol": "http",
              "host": ["localhost"],
              "port": "8080",
              "path": ["api", "users", "1"]
            }
          },
          "response": []
        }
      ]
    }
  ],
  "variable": [
    {
      "key": "base_url",
      "value": "http://localhost:8080"
    },
    {
      "key": "access_token",
      "value": ""
    },
    {
      "key": "refresh_token",
      "value": ""
    }
  ]
}
